product_id,product_name,category,subcategory,brand,launch_date,reorder_point,lead_time_days,product_status
P0001,VIP Laptops 242,Electronics,Laptops,VIP,2021-01-31,198,8,Active
P0002,Generic Bags 195,Accessories,Bags,Generic,2022-09-25,65,16,Discontinued
P0003,Samsung Sunglasses 765,Accessories,Sunglasses,Samsung,2024-04-17,189,36,Active
P0004,Philips Refrigerators 106,Home Appliances,Refrigerators,Philips,2021-02-13,50,29,Active
P0005,HP Staplers 444,Office Supplies,Staplers,HP,2020-05-31,36,7,Active
P0006,Wipro Microwaves 926,Home Appliances,Microwaves,Wipro,2021-11-09,21,31,Active
P0007,Godrej Bags 949,Accessories,Bags,Godrej,2018-11-19,170,41,Active
P0008,Dell Files 333,Office Supplies,Files,Dell,2018-10-12,84,7,Discontinued
P0009,Godrej Office Chairs 954,Furniture,Office Chairs,Godrej,2021-02-12,103,12,Active
P0010,Dell Staplers 799,Office Supplies,Staplers,Dell,2020-12-29,175,6,Active
P0011,HP Caps 267,Accessories,Caps,HP,2023-12-28,128,26,Active
P0012,VIP Markers 432,Office Supplies,Markers,VIP,2024-03-31,24,16,Active
P0013,Wipro Monitors 316,Electronics,Monitors,Wipro,2022-07-02,155,22,Active
P0014,Philips Sofas 758,Furniture,Sofas,Philips,2022-06-09,127,11,Active
P0015,Dell Notebooks 864,Office Supplies,Notebooks,Dell,2024-04-18,159,29,Active
P0016,Wipro Watches 241,Accessories,Watches,Wipro,2020-06-17,140,33,Active
P0017,Samsung Monitors 263,Electronics,Monitors,Samsung,2019-03-26,184,29,Active
P0018,Godrej Bags 579,Accessories,Bags,Godrej,2022-04-13,145,18,Active
P0019,Fastrack Bags 649,Accessories,Bags,Fastrack,2019-04-15,78,43,Active
P0020,Sony Pens 103,Office Supplies,Pens,Sony,2022-11-16,194,18,Active
P0021,Bosch Wallets 405,Accessories,Wallets,Bosch,2019-03-12,173,34,Active
P0022,HP Wallets 652,Accessories,Wallets,HP,2022-03-12,145,2,Active
P0023,Philips Belts 471,Accessories,Belts,Philips,2018-03-21,88,17,Active
P0024,Generic Smartphones 597,Electronics,Smartphones,Generic,2018-11-19,27,36,Active
P0025,Fastrack Desks 269,Furniture,Desks,Fastrack,2023-05-01,77,35,Active
P0026,Dell Watches 806,Accessories,Watches,Dell,2024-01-18,61,21,Active
P0027,Fastrack Mixers 629,Home Appliances,Mixers,Fastrack,2022-03-10,125,9,Active
P0028,LG Desks 667,Furniture,Desks,LG,2021-10-16,68,39,Discontinued
P0029,LG Office Chairs 132,Furniture,Office Chairs,LG,2018-08-30,94,6,Active
P0030,Sony Wallets 235,Accessories,Wallets,Sony,2023-06-12,195,38,Active
P0031,Dell Watches 294,Accessories,Watches,Dell,2023-04-22,34,8,Active
P0032,Godrej Washing Machines 846,Home Appliances,Washing Machines,Godrej,2022-08-11,23,45,Active
P0033,Godrej Laptops 211,Electronics,Laptops,Godrej,2021-10-21,73,14,Active
P0034,Philips Tables 385,Furniture,Tables,Philips,2019-07-29,128,17,Active
P0035,Prestige Headphones 767,Electronics,Headphones,Prestige,2024-03-04,148,2,Active
P0036,Dell Monitors 592,Electronics,Monitors,Dell,2019-11-13,64,27,Active
P0037,Godrej Smartphones 371,Electronics,Smartphones,Godrej,2018-01-09,126,20,Active
P0038,VIP Mixers 598,Home Appliances,Mixers,VIP,2024-03-26,49,14,Active
P0039,Samsung Notebooks 421,Office Supplies,Notebooks,Samsung,2024-01-30,24,5,Discontinued
P0040,Bosch Watches 620,Accessories,Watches,Bosch,2023-12-16,30,13,Active
P0041,LG Cameras 683,Electronics,Cameras,LG,2020-08-21,73,39,Active
P0042,Generic Bags 697,Accessories,Bags,Generic,2018-12-02,154,35,Active
P0043,Dell Staplers 505,Office Supplies,Staplers,Dell,2021-07-10,43,44,Active
P0044,Wipro Paper 736,Office Supplies,Paper,Wipro,2018-10-25,154,8,Discontinued
P0045,Dell Cameras 457,Electronics,Cameras,Dell,2023-09-04,27,17,Active
P0046,HP Staplers 820,Office Supplies,Staplers,HP,2022-11-30,87,41,Active
P0047,Fastrack Bags 779,Accessories,Bags,Fastrack,2024-03-21,36,10,Active
P0048,LG Pens 388,Office Supplies,Pens,LG,2024-03-16,164,15,Active
P0049,Fastrack Notebooks 357,Office Supplies,Notebooks,Fastrack,2020-12-17,23,7,Active
P0050,Samsung Washing Machines 233,Home Appliances,Washing Machines,Samsung,2018-01-15,173,18,Active
P0051,Philips Sofas 674,Furniture,Sofas,Philips,2024-03-09,12,9,Active
P0052,HP Printers 478,Electronics,Printers,HP,2024-02-13,159,37,Discontinued
P0053,HP Cabinets 915,Furniture,Cabinets,HP,2018-06-21,20,24,Active
P0054,Dell Sofas 673,Furniture,Sofas,Dell,2019-02-26,114,41,Active
P0055,HP Desks 125,Furniture,Desks,HP,2019-12-27,55,23,Active
P0056,VIP Mixers 906,Home Appliances,Mixers,VIP,2020-10-13,189,8,Active
P0057,Philips Microwaves 571,Home Appliances,Microwaves,Philips,2020-06-30,99,21,Active
P0058,Samsung Desks 385,Furniture,Desks,Samsung,2020-03-02,27,19,Active
P0059,Bosch Markers 963,Office Supplies,Markers,Bosch,2022-06-26,147,23,Active
P0060,Sony Laptops 371,Electronics,Laptops,Sony,2020-01-02,19,8,Active
P0061,Wipro Watches 623,Accessories,Watches,Wipro,2021-07-08,39,26,Active
P0062,Sony Wallets 101,Accessories,Wallets,Sony,2018-07-01,143,36,Active
P0063,Godrej Shelves 438,Furniture,Shelves,Godrej,2018-10-14,169,22,Active
P0064,Sony Printers 518,Electronics,Printers,Sony,2023-09-09,93,27,Active
P0065,HP Files 488,Office Supplies,Files,HP,2020-02-25,183,13,Active
P0066,Sony Sunglasses 100,Accessories,Sunglasses,Sony,2022-07-22,87,20,Active
P0067,Prestige Cabinets 552,Furniture,Cabinets,Prestige,2021-08-12,182,15,Active
P0068,Prestige Watches 390,Accessories,Watches,Prestige,2019-11-27,141,44,Active
P0069,LG Belts 330,Accessories,Belts,LG,2020-08-20,60,11,Active
P0070,Dell Laptops 886,Electronics,Laptops,Dell,2023-05-01,28,31,Active
P0071,Generic Mixers 493,Home Appliances,Mixers,Generic,2020-03-07,136,27,Active
P0072,Fastrack Desks 981,Furniture,Desks,Fastrack,2018-01-23,37,29,Active
P0073,Prestige Desks 670,Furniture,Desks,Prestige,2023-10-23,73,9,Active
P0074,Prestige Refrigerators 672,Home Appliances,Refrigerators,Prestige,2023-03-19,162,22,Active
P0075,VIP Fans 661,Home Appliances,Fans,VIP,2023-08-30,124,12,Active
P0076,Sony Air Conditioners 383,Home Appliances,Air Conditioners,Sony,2020-10-09,143,33,Active
P0077,Philips Shelves 340,Furniture,Shelves,Philips,2018-11-14,79,23,Active
P0078,LG Files 492,Office Supplies,Files,LG,2019-07-21,187,11,Active
P0079,Godrej Office Chairs 577,Furniture,Office Chairs,Godrej,2022-07-28,116,5,Active
P0080,Godrej Cabinets 883,Furniture,Cabinets,Godrej,2018-03-22,157,26,Active
P0081,Wipro Microwaves 973,Home Appliances,Microwaves,Wipro,2021-05-08,117,36,Active
P0082,Dell Sunglasses 546,Accessories,Sunglasses,Dell,2023-06-23,134,3,Active
P0083,Fastrack Washing Machines 960,Home Appliances,Washing Machines,Fastrack,2022-07-15,129,10,Active
P0084,Samsung Sunglasses 778,Accessories,Sunglasses,Samsung,2022-06-02,16,7,Active
P0085,Philips Refrigerators 488,Home Appliances,Refrigerators,Philips,2020-01-15,93,15,Discontinued
P0086,Wipro Washing Machines 951,Home Appliances,Washing Machines,Wipro,2022-04-02,117,18,Active
P0087,Samsung Headphones 458,Electronics,Headphones,Samsung,2024-01-19,67,43,Discontinued
P0088,Fastrack Monitors 353,Electronics,Monitors,Fastrack,2018-06-14,61,3,Active
P0089,Dell Wallets 217,Accessories,Wallets,Dell,2019-06-02,154,15,Active
P0090,Sony Mixers 721,Home Appliances,Mixers,Sony,2022-02-19,193,9,Active
P0091,LG Shelves 689,Furniture,Shelves,LG,2018-04-16,183,26,Active
P0092,Dell Mixers 950,Home Appliances,Mixers,Dell,2018-11-08,170,17,Active
P0093,Prestige Printers 714,Electronics,Printers,Prestige,2021-05-20,40,38,Active
P0094,Bosch Tablets 170,Electronics,Tablets,Bosch,2022-10-21,139,43,Active
P0095,Godrej Pens 470,Office Supplies,Pens,Godrej,2023-07-01,172,31,Active
P0096,HP Cabinets 376,Furniture,Cabinets,HP,2023-11-08,167,36,Active
P0097,Godrej Air Conditioners 351,Home Appliances,Air Conditioners,Godrej,2021-01-04,32,19,Active
P0098,Prestige Refrigerators 784,Home Appliances,Refrigerators,Prestige,2023-03-19,107,23,Active
P0099,Wipro Headphones 463,Electronics,Headphones,Wipro,2020-01-15,76,23,Active
P0100,VIP Files 629,Office Supplies,Files,VIP,2021-02-05,58,7,Active
P0101,Godrej Sofas 346,Furniture,Sofas,Godrej,2023-06-25,186,32,Active
P0102,Prestige Air Conditioners 326,Home Appliances,Air Conditioners,Prestige,2018-03-12,113,17,Active
P0103,Generic Markers 643,Office Supplies,Markers,Generic,2022-02-20,98,29,Active
P0104,Wipro Belts 357,Accessories,Belts,Wipro,2023-02-02,69,9,Active
P0105,LG Shelves 806,Furniture,Shelves,LG,2024-01-04,57,14,Active
P0106,Philips Sofas 878,Furniture,Sofas,Philips,2021-02-06,144,40,Active
P0107,Dell Pens 283,Office Supplies,Pens,Dell,2021-04-28,87,2,Active
P0108,Sony Wallets 666,Accessories,Wallets,Sony,2018-07-06,84,10,Active
P0109,Samsung Microwaves 551,Home Appliances,Microwaves,Samsung,2021-03-10,97,13,Active
P0110,Philips Tablets 510,Electronics,Tablets,Philips,2019-04-13,135,6,Active
P0111,Fastrack Caps 930,Accessories,Caps,Fastrack,2018-08-08,154,21,Active
P0112,LG Smartphones 720,Electronics,Smartphones,LG,2024-04-04,162,41,Active
P0113,Godrej Tables 404,Furniture,Tables,Godrej,2023-01-20,160,29,Active
P0114,Generic Files 857,Office Supplies,Files,Generic,2018-09-04,35,15,Active
P0115,Fastrack Shelves 277,Furniture,Shelves,Fastrack,2018-11-29,151,6,Active
P0116,Godrej Office Chairs 581,Furniture,Office Chairs,Godrej,2023-01-20,84,4,Active
P0117,VIP Shelves 564,Furniture,Shelves,VIP,2021-03-04,28,45,Active
P0118,Prestige Shelves 657,Furniture,Shelves,Prestige,2020-03-21,67,43,Active
P0119,HP Shelves 911,Furniture,Shelves,HP,2018-10-20,88,40,Discontinued
P0120,Philips Belts 411,Accessories,Belts,Philips,2019-05-25,189,27,Active
P0121,Bosch Files 712,Office Supplies,Files,Bosch,2023-07-16,20,29,Active
P0122,Sony Files 790,Office Supplies,Files,Sony,2018-04-16,157,39,Active
P0123,Fastrack Monitors 881,Electronics,Monitors,Fastrack,2021-01-08,54,32,Active
P0124,Philips Caps 699,Accessories,Caps,Philips,2021-02-13,121,42,Active
P0125,Philips Microwaves 428,Home Appliances,Microwaves,Philips,2021-11-26,181,8,Active
P0126,Godrej Shelves 510,Furniture,Shelves,Godrej,2023-07-23,150,4,Active
P0127,Wipro Microwaves 891,Home Appliances,Microwaves,Wipro,2020-10-30,113,34,Active
P0128,Bosch Printers 292,Electronics,Printers,Bosch,2023-03-08,142,25,Active
P0129,Fastrack Watches 308,Accessories,Watches,Fastrack,2022-12-16,78,37,Active
P0130,Philips Shelves 745,Furniture,Shelves,Philips,2023-06-09,165,17,Active
P0131,Bosch Shelves 195,Furniture,Shelves,Bosch,2018-02-26,67,9,Active
P0132,Fastrack Microwaves 833,Home Appliances,Microwaves,Fastrack,2019-09-23,84,34,Active
P0133,Philips Paper 664,Office Supplies,Paper,Philips,2023-04-19,47,26,Active
P0134,Bosch Tables 382,Furniture,Tables,Bosch,2019-07-14,116,23,Active
P0135,Samsung Belts 957,Accessories,Belts,Samsung,2021-03-04,160,39,Active
P0136,Philips Refrigerators 440,Home Appliances,Refrigerators,Philips,2024-01-16,151,36,Active
P0137,Wipro Air Conditioners 344,Home Appliances,Air Conditioners,Wipro,2020-02-12,156,26,Active
P0138,Samsung Cabinets 822,Furniture,Cabinets,Samsung,2021-07-27,107,26,Active
P0139,Samsung Cabinets 704,Furniture,Cabinets,Samsung,2019-06-02,94,8,Active
P0140,Bosch Microwaves 247,Home Appliances,Microwaves,Bosch,2023-02-15,114,43,Discontinued
P0141,Philips Office Chairs 809,Furniture,Office Chairs,Philips,2020-12-21,111,43,Active
P0142,Wipro Monitors 424,Electronics,Monitors,Wipro,2023-12-26,170,33,Active
P0143,Generic Bags 800,Accessories,Bags,Generic,2018-10-08,83,16,Active
P0144,LG Headphones 810,Electronics,Headphones,LG,2019-02-16,86,3,Active
P0145,Prestige Tablets 483,Electronics,Tablets,Prestige,2018-08-18,120,11,Active
P0146,Godrej Tables 284,Furniture,Tables,Godrej,2024-05-07,53,13,Active
P0147,Godrej Cameras 697,Electronics,Cameras,Godrej,2020-09-13,46,16,Active
P0148,Sony Mixers 109,Home Appliances,Mixers,Sony,2023-02-26,129,20,Active
P0149,LG Wallets 701,Accessories,Wallets,LG,2022-12-15,86,42,Active
P0150,Sony Mixers 303,Home Appliances,Mixers,Sony,2023-02-15,108,32,Active
P0151,Godrej Smartphones 402,Electronics,Smartphones,Godrej,2024-05-31,189,20,Active
P0152,Fastrack Monitors 679,Electronics,Monitors,Fastrack,2022-06-10,185,5,Active
P0153,Philips Caps 335,Accessories,Caps,Philips,2021-03-18,165,24,Active
P0154,Dell Sofas 838,Furniture,Sofas,Dell,2020-10-23,178,45,Active
P0155,LG Sofas 551,Furniture,Sofas,LG,2018-06-11,18,39,Active
P0156,HP Markers 434,Office Supplies,Markers,HP,2019-01-05,116,13,Active
P0157,Prestige Desks 474,Furniture,Desks,Prestige,2024-01-19,145,34,Active
P0158,HP Scissors 593,Office Supplies,Scissors,HP,2020-11-18,85,23,Active
P0159,LG Headphones 331,Electronics,Headphones,LG,2019-07-31,183,45,Active
P0160,Wipro Fans 114,Home Appliances,Fans,Wipro,2019-01-05,77,36,Active
P0161,Wipro Headphones 942,Electronics,Headphones,Wipro,2020-12-09,173,25,Active
P0162,Dell Printers 674,Electronics,Printers,Dell,2023-04-16,93,41,Discontinued
P0163,LG Sofas 409,Furniture,Sofas,LG,2023-03-17,176,28,Active
P0164,Samsung Smartphones 604,Electronics,Smartphones,Samsung,2018-06-02,39,8,Active
P0165,HP Tables 786,Furniture,Tables,HP,2022-05-11,200,36,Active
P0166,VIP Fans 770,Home Appliances,Fans,VIP,2019-09-25,35,33,Active
P0167,Sony Watches 322,Accessories,Watches,Sony,2018-05-15,123,30,Active
P0168,LG Shelves 760,Furniture,Shelves,LG,2022-02-13,101,5,Active
P0169,Dell Washing Machines 943,Home Appliances,Washing Machines,Dell,2019-05-16,126,7,Active
P0170,Fastrack Sofas 441,Furniture,Sofas,Fastrack,2018-03-29,72,10,Discontinued
P0171,LG Wallets 321,Accessories,Wallets,LG,2024-03-20,69,23,Active
P0172,Samsung Tables 248,Furniture,Tables,Samsung,2021-02-09,43,36,Active
P0173,HP Scissors 126,Office Supplies,Scissors,HP,2019-03-27,43,2,Active
P0174,Prestige Scissors 116,Office Supplies,Scissors,Prestige,2020-09-01,54,18,Active
P0175,VIP Smartphones 863,Electronics,Smartphones,VIP,2022-09-21,26,32,Active
P0176,Bosch Washing Machines 326,Home Appliances,Washing Machines,Bosch,2019-03-23,167,4,Active
P0177,Philips Belts 590,Accessories,Belts,Philips,2018-05-08,112,29,Discontinued
P0178,VIP Headphones 182,Electronics,Headphones,VIP,2022-12-22,92,40,Discontinued
P0179,HP Office Chairs 699,Furniture,Office Chairs,HP,2021-01-31,150,22,Active
P0180,Bosch Fans 719,Home Appliances,Fans,Bosch,2021-04-22,120,8,Active
P0181,Fastrack Monitors 320,Electronics,Monitors,Fastrack,2024-03-08,120,30,Active
P0182,Wipro Cabinets 847,Furniture,Cabinets,Wipro,2023-02-01,34,22,Active
P0183,Fastrack Washing Machines 256,Home Appliances,Washing Machines,Fastrack,2020-11-10,185,32,Active
P0184,LG Laptops 862,Electronics,Laptops,LG,2019-01-17,199,25,Active
P0185,Samsung Tables 786,Furniture,Tables,Samsung,2024-04-19,41,28,Active
P0186,Fastrack Scissors 838,Office Supplies,Scissors,Fastrack,2022-09-29,23,20,Active
P0187,Wipro Belts 317,Accessories,Belts,Wipro,2019-03-01,49,44,Active
P0188,LG Refrigerators 476,Home Appliances,Refrigerators,LG,2021-12-05,39,19,Active
P0189,Prestige Wallets 885,Accessories,Wallets,Prestige,2022-10-24,169,41,Active
P0190,Generic Bags 379,Accessories,Bags,Generic,2020-12-31,189,21,Discontinued
P0191,Samsung Staplers 679,Office Supplies,Staplers,Samsung,2020-01-14,178,27,Active
P0192,VIP Smartphones 643,Electronics,Smartphones,VIP,2018-05-06,65,26,Active
P0193,Wipro Air Conditioners 838,Home Appliances,Air Conditioners,Wipro,2019-10-07,93,38,Active
P0194,Samsung Bags 732,Accessories,Bags,Samsung,2019-09-30,22,45,Active
P0195,Philips Tablets 552,Electronics,Tablets,Philips,2022-10-03,116,19,Active
P0196,LG Tables 390,Furniture,Tables,LG,2021-11-14,183,45,Active
P0197,Bosch Watches 504,Accessories,Watches,Bosch,2021-06-17,163,5,Discontinued
P0198,Sony Smartphones 882,Electronics,Smartphones,Sony,2020-05-15,75,20,Active
P0199,Samsung Pens 279,Office Supplies,Pens,Samsung,2023-07-31,43,26,Active
P0200,Dell Caps 784,Accessories,Caps,Dell,2023-08-12,100,6,Active
P0201,Samsung Mixers 179,Home Appliances,Mixers,Samsung,2022-11-22,90,38,Discontinued
P0202,Godrej Fans 514,Home Appliances,Fans,Godrej,2022-09-07,15,22,Active
P0203,Philips Tables 964,Furniture,Tables,Philips,2022-01-22,37,17,Active
P0204,Godrej Fans 991,Home Appliances,Fans,Godrej,2023-11-17,89,23,Discontinued
P0205,Prestige Shelves 748,Furniture,Shelves,Prestige,2019-11-20,39,35,Discontinued
P0206,Prestige Wallets 938,Accessories,Wallets,Prestige,2021-12-02,175,11,Active
P0207,HP Office Chairs 716,Furniture,Office Chairs,HP,2020-11-14,49,43,Active
P0208,Prestige Smartphones 677,Electronics,Smartphones,Prestige,2023-07-17,158,30,Active
P0209,Fastrack Caps 742,Accessories,Caps,Fastrack,2021-08-16,90,11,Active
P0210,Philips Microwaves 915,Home Appliances,Microwaves,Philips,2022-12-17,80,39,Active
P0211,Bosch Tablets 562,Electronics,Tablets,Bosch,2018-10-31,19,5,Active
P0212,Sony Scissors 975,Office Supplies,Scissors,Sony,2018-11-11,33,41,Active
P0213,Godrej Sunglasses 910,Accessories,Sunglasses,Godrej,2023-03-11,199,4,Active
P0214,Fastrack Fans 587,Home Appliances,Fans,Fastrack,2020-02-11,138,11,Active
P0215,LG Headphones 186,Electronics,Headphones,LG,2021-11-07,139,43,Active
P0216,Dell Office Chairs 636,Furniture,Office Chairs,Dell,2022-11-29,143,41,Active
P0217,Wipro Shelves 893,Furniture,Shelves,Wipro,2021-03-04,96,45,Active
P0218,Prestige Bags 196,Accessories,Bags,Prestige,2021-10-02,152,45,Discontinued
P0219,Sony Washing Machines 696,Home Appliances,Washing Machines,Sony,2019-09-08,179,11,Active
P0220,Fastrack Staplers 825,Office Supplies,Staplers,Fastrack,2022-05-25,31,21,Active
P0221,Fastrack Watches 786,Accessories,Watches,Fastrack,2021-09-07,189,45,Active
P0222,Fastrack Bags 118,Accessories,Bags,Fastrack,2022-10-01,102,21,Active
P0223,Wipro Desks 240,Furniture,Desks,Wipro,2023-06-15,49,6,Active
P0224,Prestige Scissors 652,Office Supplies,Scissors,Prestige,2019-02-19,199,35,Active
P0225,Wipro Printers 257,Electronics,Printers,Wipro,2019-06-21,51,13,Active
P0226,VIP Wallets 473,Accessories,Wallets,VIP,2022-11-28,183,17,Discontinued
P0227,Sony Fans 344,Home Appliances,Fans,Sony,2023-01-13,89,32,Active
P0228,Fastrack Shelves 572,Furniture,Shelves,Fastrack,2024-05-25,82,26,Active
P0229,Godrej Sunglasses 920,Accessories,Sunglasses,Godrej,2019-10-26,164,10,Active
P0230,Fastrack Pens 667,Office Supplies,Pens,Fastrack,2023-05-23,36,35,Active
P0231,LG Tablets 625,Electronics,Tablets,LG,2019-10-19,47,29,Active
P0232,Philips Smartphones 524,Electronics,Smartphones,Philips,2021-12-02,23,27,Active
P0233,Dell Belts 483,Accessories,Belts,Dell,2022-05-01,67,3,Active
P0234,VIP Pens 240,Office Supplies,Pens,VIP,2021-10-05,19,20,Active
P0235,HP Mixers 105,Home Appliances,Mixers,HP,2023-04-06,30,3,Active
P0236,HP Notebooks 723,Office Supplies,Notebooks,HP,2024-02-26,145,29,Active
P0237,Sony Monitors 148,Electronics,Monitors,Sony,2020-08-31,71,28,Active
P0238,LG Watches 611,Accessories,Watches,LG,2019-03-31,162,36,Active
P0239,Bosch Printers 398,Electronics,Printers,Bosch,2020-09-17,119,2,Active
P0240,Dell Belts 780,Accessories,Belts,Dell,2024-05-26,181,7,Active
P0241,LG Belts 905,Accessories,Belts,LG,2023-11-25,139,37,Active
P0242,Philips Headphones 482,Electronics,Headphones,Philips,2018-06-28,74,3,Active
P0243,LG Scissors 772,Office Supplies,Scissors,LG,2021-11-13,170,8,Active
P0244,Prestige Caps 460,Accessories,Caps,Prestige,2021-09-23,149,23,Active
P0245,Philips Sofas 930,Furniture,Sofas,Philips,2023-05-15,44,6,Active
P0246,Sony Microwaves 304,Home Appliances,Microwaves,Sony,2020-04-05,20,22,Discontinued
P0247,Godrej Files 137,Office Supplies,Files,Godrej,2024-02-03,175,14,Active
P0248,Prestige Staplers 439,Office Supplies,Staplers,Prestige,2018-07-15,79,9,Active
P0249,Godrej Paper 495,Office Supplies,Paper,Godrej,2022-12-07,96,13,Active
P0250,Philips Mixers 631,Home Appliances,Mixers,Philips,2022-02-13,78,7,Active
P0251,Godrej Microwaves 428,Home Appliances,Microwaves,Godrej,2020-01-10,36,7,Active
P0252,Sony Markers 834,Office Supplies,Markers,Sony,2021-06-09,119,12,Active
P0253,Philips Washing Machines 461,Home Appliances,Washing Machines,Philips,2018-06-23,167,29,Active
P0254,Prestige Markers 752,Office Supplies,Markers,Prestige,2018-08-23,113,25,Discontinued
P0255,Fastrack Caps 246,Accessories,Caps,Fastrack,2019-10-18,165,45,Active
P0256,HP Microwaves 760,Home Appliances,Microwaves,HP,2018-10-03,103,25,Active
P0257,Samsung Fans 479,Home Appliances,Fans,Samsung,2019-09-21,105,30,Active
P0258,HP Cameras 421,Electronics,Cameras,HP,2023-12-09,176,19,Active
P0259,Samsung Office Chairs 496,Furniture,Office Chairs,Samsung,2020-02-02,153,9,Active
P0260,Sony Scissors 726,Office Supplies,Scissors,Sony,2023-01-02,83,33,Active
P0261,HP Office Chairs 830,Furniture,Office Chairs,HP,2018-10-31,123,7,Active
P0262,Wipro Markers 397,Office Supplies,Markers,Wipro,2018-09-23,86,12,Active
P0263,Bosch Shelves 305,Furniture,Shelves,Bosch,2020-07-07,45,17,Active
P0264,Wipro Microwaves 578,Home Appliances,Microwaves,Wipro,2024-03-19,151,10,Active
P0265,LG Bags 834,Accessories,Bags,LG,2021-06-20,194,32,Active
P0266,Prestige Watches 175,Accessories,Watches,Prestige,2022-08-05,42,22,Active
P0267,Philips Headphones 999,Electronics,Headphones,Philips,2023-10-21,151,42,Active
P0268,Prestige Wallets 989,Accessories,Wallets,Prestige,2019-06-13,24,9,Active
P0269,Sony Wallets 826,Accessories,Wallets,Sony,2019-11-06,67,24,Active
P0270,LG Belts 664,Accessories,Belts,LG,2020-10-23,80,10,Active
P0271,Bosch Files 272,Office Supplies,Files,Bosch,2019-01-18,161,39,Active
P0272,Fastrack Desks 677,Furniture,Desks,Fastrack,2021-10-14,20,3,Active
P0273,Fastrack Laptops 885,Electronics,Laptops,Fastrack,2020-12-20,156,28,Active
P0274,Samsung Caps 658,Accessories,Caps,Samsung,2023-08-02,84,43,Active
P0275,Dell Paper 174,Office Supplies,Paper,Dell,2022-07-22,186,5,Active
P0276,Godrej Cabinets 448,Furniture,Cabinets,Godrej,2023-06-07,165,11,Active
P0277,VIP Scissors 981,Office Supplies,Scissors,VIP,2021-07-31,98,27,Active
P0278,Bosch Shelves 347,Furniture,Shelves,Bosch,2024-04-19,129,9,Active
P0279,Dell Paper 397,Office Supplies,Paper,Dell,2019-08-01,108,41,Active
P0280,HP Refrigerators 838,Home Appliances,Refrigerators,HP,2021-09-03,90,14,Active
P0281,Bosch Cabinets 415,Furniture,Cabinets,Bosch,2023-03-28,137,3,Active
P0282,Bosch Headphones 320,Electronics,Headphones,Bosch,2023-02-16,159,24,Active
P0283,Sony Laptops 963,Electronics,Laptops,Sony,2023-07-21,177,45,Active
P0284,Bosch Washing Machines 541,Home Appliances,Washing Machines,Bosch,2018-02-03,44,18,Active
P0285,Godrej Scissors 152,Office Supplies,Scissors,Godrej,2022-02-07,155,37,Discontinued
P0286,Bosch Shelves 616,Furniture,Shelves,Bosch,2021-03-28,125,37,Discontinued
P0287,Generic Scissors 199,Office Supplies,Scissors,Generic,2019-05-02,110,25,Active
P0288,Wipro Files 621,Office Supplies,Files,Wipro,2019-08-14,112,34,Active
P0289,Samsung Laptops 923,Electronics,Laptops,Samsung,2019-07-16,131,35,Active
P0290,Generic Refrigerators 727,Home Appliances,Refrigerators,Generic,2023-10-13,91,12,Active
P0291,VIP Fans 619,Home Appliances,Fans,VIP,2021-05-10,140,36,Active
P0292,Generic Mixers 117,Home Appliances,Mixers,Generic,2021-05-12,104,23,Active
P0293,Generic Headphones 842,Electronics,Headphones,Generic,2021-06-14,186,42,Active
P0294,Philips Cameras 901,Electronics,Cameras,Philips,2020-12-23,158,38,Active
P0295,Samsung Sofas 744,Furniture,Sofas,Samsung,2023-05-22,194,41,Active
P0296,Fastrack Refrigerators 817,Home Appliances,Refrigerators,Fastrack,2020-09-19,38,14,Discontinued
P0297,Wipro Headphones 807,Electronics,Headphones,Wipro,2022-09-12,62,28,Active
P0298,Philips Sunglasses 631,Accessories,Sunglasses,Philips,2018-09-13,63,37,Active
P0299,Philips Markers 277,Office Supplies,Markers,Philips,2023-11-23,127,36,Active
P0300,Wipro Files 296,Office Supplies,Files,Wipro,2020-12-18,73,19,Active
P0301,Dell Belts 821,Accessories,Belts,Dell,2021-05-04,63,33,Active
P0302,Wipro Paper 914,Office Supplies,Paper,Wipro,2024-04-14,194,19,Active
P0303,Generic Pens 504,Office Supplies,Pens,Generic,2024-02-03,98,11,Active
P0304,Sony Pens 552,Office Supplies,Pens,Sony,2018-11-20,177,18,Active
P0305,Dell Refrigerators 675,Home Appliances,Refrigerators,Dell,2024-01-16,188,19,Active
P0306,Generic Office Chairs 785,Furniture,Office Chairs,Generic,2020-09-07,145,16,Active
P0307,LG Office Chairs 583,Furniture,Office Chairs,LG,2022-08-20,35,45,Active
P0308,Bosch Office Chairs 999,Furniture,Office Chairs,Bosch,2019-10-09,131,32,Active
P0309,Wipro Shelves 887,Furniture,Shelves,Wipro,2021-03-15,32,43,Active
P0310,Bosch Wallets 279,Accessories,Wallets,Bosch,2018-06-02,116,13,Active
P0311,Godrej Monitors 866,Electronics,Monitors,Godrej,2023-07-23,84,4,Active
P0312,Generic Tablets 443,Electronics,Tablets,Generic,2019-03-16,82,31,Active
P0313,Philips Sunglasses 579,Accessories,Sunglasses,Philips,2019-07-04,79,14,Active
P0314,HP Tablets 835,Electronics,Tablets,HP,2023-02-23,57,2,Active
P0315,Sony Scissors 297,Office Supplies,Scissors,Sony,2024-05-14,54,41,Active
P0316,Bosch Air Conditioners 785,Home Appliances,Air Conditioners,Bosch,2021-09-05,34,13,Active
P0317,Wipro Cabinets 492,Furniture,Cabinets,Wipro,2020-10-13,70,30,Discontinued
P0318,Sony Staplers 468,Office Supplies,Staplers,Sony,2018-02-16,187,17,Active
P0319,LG Printers 515,Electronics,Printers,LG,2023-03-22,185,34,Active
P0320,LG Markers 326,Office Supplies,Markers,LG,2021-04-23,66,10,Active
P0321,Philips Refrigerators 662,Home Appliances,Refrigerators,Philips,2022-03-11,130,36,Active
P0322,Fastrack Desks 640,Furniture,Desks,Fastrack,2018-12-02,190,25,Active
P0323,LG Cameras 617,Electronics,Cameras,LG,2018-09-10,61,38,Active
P0324,HP Wallets 552,Accessories,Wallets,HP,2021-09-05,39,45,Active
P0325,Generic Sofas 622,Furniture,Sofas,Generic,2023-06-26,124,5,Active
P0326,Bosch Refrigerators 159,Home Appliances,Refrigerators,Bosch,2022-08-29,153,31,Active
P0327,Samsung Markers 103,Office Supplies,Markers,Samsung,2022-06-10,200,15,Active
P0328,Samsung Bags 165,Accessories,Bags,Samsung,2022-10-02,148,5,Active
P0329,Samsung Headphones 887,Electronics,Headphones,Samsung,2021-03-21,44,43,Active
P0330,Godrej Washing Machines 486,Home Appliances,Washing Machines,Godrej,2023-01-12,106,7,Active
P0331,Fastrack Wallets 650,Accessories,Wallets,Fastrack,2021-11-25,110,35,Active
P0332,Dell Sofas 405,Furniture,Sofas,Dell,2018-01-15,128,45,Active
P0333,Bosch Watches 353,Accessories,Watches,Bosch,2022-04-03,127,24,Active
P0334,Dell Shelves 776,Furniture,Shelves,Dell,2019-04-08,117,41,Discontinued
P0335,Dell Smartphones 134,Electronics,Smartphones,Dell,2018-10-03,124,40,Active
P0336,VIP Smartphones 339,Electronics,Smartphones,VIP,2018-07-01,148,15,Active
P0337,Bosch Smartphones 849,Electronics,Smartphones,Bosch,2021-03-30,157,22,Active
P0338,Prestige Sunglasses 997,Accessories,Sunglasses,Prestige,2021-08-06,46,44,Active
P0339,Godrej Wallets 670,Accessories,Wallets,Godrej,2021-05-15,161,13,Active
P0340,Philips Fans 758,Home Appliances,Fans,Philips,2018-07-12,181,26,Active
P0341,VIP Belts 407,Accessories,Belts,VIP,2022-09-02,106,13,Active
P0342,Dell Watches 824,Accessories,Watches,Dell,2020-07-12,46,31,Active
P0343,Godrej Cameras 237,Electronics,Cameras,Godrej,2022-09-03,109,17,Active
P0344,Wipro Notebooks 967,Office Supplies,Notebooks,Wipro,2018-11-20,104,7,Active
P0345,Dell Caps 789,Accessories,Caps,Dell,2018-07-31,164,40,Active
P0346,LG Monitors 701,Electronics,Monitors,LG,2020-02-10,195,44,Active
P0347,Philips Wallets 440,Accessories,Wallets,Philips,2020-05-05,87,2,Active
P0348,VIP Desks 872,Furniture,Desks,VIP,2019-04-26,132,17,Active
P0349,Dell Caps 665,Accessories,Caps,Dell,2022-06-13,92,20,Active
P0350,Bosch Air Conditioners 468,Home Appliances,Air Conditioners,Bosch,2022-01-11,141,33,Active
P0351,Prestige Microwaves 427,Home Appliances,Microwaves,Prestige,2023-04-08,62,25,Active
P0352,Samsung Paper 859,Office Supplies,Paper,Samsung,2024-04-23,47,3,Active
P0353,Generic Files 300,Office Supplies,Files,Generic,2022-09-07,94,16,Active
P0354,Dell Fans 801,Home Appliances,Fans,Dell,2023-08-08,96,18,Active
P0355,Fastrack Mixers 850,Home Appliances,Mixers,Fastrack,2023-07-03,100,12,Active
P0356,Bosch Sofas 655,Furniture,Sofas,Bosch,2023-06-24,174,5,Active
P0357,LG Bags 522,Accessories,Bags,LG,2018-07-18,45,42,Active
P0358,VIP Office Chairs 617,Furniture,Office Chairs,VIP,2019-09-11,126,25,Discontinued
P0359,Fastrack Cameras 116,Electronics,Cameras,Fastrack,2023-06-03,11,36,Active
P0360,Samsung Watches 381,Accessories,Watches,Samsung,2018-03-10,147,20,Active
P0361,VIP Cameras 283,Electronics,Cameras,VIP,2022-10-30,37,8,Active
P0362,Dell Wallets 358,Accessories,Wallets,Dell,2020-02-26,100,19,Active
P0363,Wipro Microwaves 349,Home Appliances,Microwaves,Wipro,2022-07-22,188,16,Active
P0364,LG Markers 488,Office Supplies,Markers,LG,2018-05-10,106,37,Active
P0365,Fastrack Microwaves 184,Home Appliances,Microwaves,Fastrack,2018-02-08,137,29,Active
P0366,LG Files 335,Office Supplies,Files,LG,2023-12-04,64,38,Active
P0367,Samsung Washing Machines 387,Home Appliances,Washing Machines,Samsung,2018-11-01,149,38,Active
P0368,Wipro Smartphones 701,Electronics,Smartphones,Wipro,2018-03-06,46,27,Active
P0369,HP Tablets 954,Electronics,Tablets,HP,2024-04-28,109,45,Active
P0370,Godrej Belts 805,Accessories,Belts,Godrej,2019-07-28,195,7,Active
P0371,Wipro Caps 337,Accessories,Caps,Wipro,2018-08-08,29,23,Active
P0372,Generic Sunglasses 434,Accessories,Sunglasses,Generic,2022-06-13,17,42,Active
P0373,Philips Scissors 666,Office Supplies,Scissors,Philips,2023-07-03,106,29,Active
P0374,Generic Sofas 733,Furniture,Sofas,Generic,2022-04-06,85,17,Active
P0375,Sony Laptops 902,Electronics,Laptops,Sony,2019-09-24,172,11,Active
P0376,Wipro Washing Machines 415,Home Appliances,Washing Machines,Wipro,2019-03-13,123,25,Active
P0377,HP Pens 559,Office Supplies,Pens,HP,2018-12-24,152,37,Active
P0378,LG Watches 667,Accessories,Watches,LG,2018-04-18,33,40,Active
P0379,Godrej Belts 497,Accessories,Belts,Godrej,2018-02-20,31,37,Active
P0380,Bosch Tables 273,Furniture,Tables,Bosch,2019-11-26,45,19,Active
P0381,Philips Staplers 545,Office Supplies,Staplers,Philips,2019-08-21,80,28,Discontinued
P0382,Prestige Paper 352,Office Supplies,Paper,Prestige,2018-11-12,194,42,Active
P0383,Generic Fans 238,Home Appliances,Fans,Generic,2020-03-11,87,2,Active
P0384,Generic Washing Machines 437,Home Appliances,Washing Machines,Generic,2022-04-06,122,23,Active
P0385,Generic Mixers 717,Home Appliances,Mixers,Generic,2019-07-12,187,14,Active
P0386,HP Washing Machines 398,Home Appliances,Washing Machines,HP,2022-06-20,198,42,Active
P0387,Prestige Fans 387,Home Appliances,Fans,Prestige,2020-09-19,110,25,Active
P0388,Dell Cameras 886,Electronics,Cameras,Dell,2024-02-13,150,3,Active
P0389,Dell Mixers 951,Home Appliances,Mixers,Dell,2022-12-01,187,6,Active
P0390,Philips Mixers 347,Home Appliances,Mixers,Philips,2019-07-25,74,44,Active
P0391,Godrej Sofas 712,Furniture,Sofas,Godrej,2022-03-25,132,39,Discontinued
P0392,Bosch Fans 909,Home Appliances,Fans,Bosch,2022-09-10,102,36,Active
P0393,LG Caps 773,Accessories,Caps,LG,2019-03-24,180,24,Active
P0394,Generic Sofas 760,Furniture,Sofas,Generic,2018-07-01,183,43,Active
P0395,Prestige Washing Machines 200,Home Appliances,Washing Machines,Prestige,2022-10-30,76,16,Active
P0396,Bosch Caps 689,Accessories,Caps,Bosch,2024-04-04,66,30,Active
P0397,Philips Paper 125,Office Supplies,Paper,Philips,2023-08-12,133,8,Active
P0398,LG Paper 847,Office Supplies,Paper,LG,2019-04-21,46,24,Active
P0399,Philips Staplers 456,Office Supplies,Staplers,Philips,2020-04-27,131,8,Active
P0400,VIP Mixers 407,Home Appliances,Mixers,VIP,2023-01-28,21,9,Active
P0401,Wipro Monitors 268,Electronics,Monitors,Wipro,2019-03-24,199,17,Active
P0402,Bosch Wallets 536,Accessories,Wallets,Bosch,2019-10-18,128,16,Active
P0403,HP Mixers 542,Home Appliances,Mixers,HP,2020-02-03,111,3,Active
P0404,Philips Wallets 821,Accessories,Wallets,Philips,2022-10-26,64,15,Active
P0405,VIP Scissors 918,Office Supplies,Scissors,VIP,2018-09-14,147,13,Active
P0406,Dell Staplers 786,Office Supplies,Staplers,Dell,2023-02-18,135,35,Active
P0407,Godrej Files 456,Office Supplies,Files,Godrej,2022-05-27,100,31,Active
P0408,Fastrack Wallets 704,Accessories,Wallets,Fastrack,2021-05-03,31,45,Active
P0409,LG Shelves 287,Furniture,Shelves,LG,2020-09-04,105,11,Active
P0410,Godrej Watches 533,Accessories,Watches,Godrej,2019-07-19,57,33,Active
P0411,Fastrack Caps 601,Accessories,Caps,Fastrack,2019-12-11,83,10,Active
P0412,Philips Shelves 109,Furniture,Shelves,Philips,2018-08-08,134,10,Active
P0413,Bosch Cabinets 518,Furniture,Cabinets,Bosch,2023-09-02,185,33,Active
P0414,Philips Mixers 678,Home Appliances,Mixers,Philips,2023-06-25,17,16,Active
P0415,Sony Pens 272,Office Supplies,Pens,Sony,2020-07-09,127,38,Active
P0416,Bosch Fans 374,Home Appliances,Fans,Bosch,2019-04-09,149,25,Active
P0417,Prestige Bags 535,Accessories,Bags,Prestige,2022-12-13,36,43,Active
P0418,Samsung Shelves 982,Furniture,Shelves,Samsung,2023-01-17,32,30,Active
P0419,Prestige Monitors 855,Electronics,Monitors,Prestige,2020-08-28,160,24,Active
P0420,Godrej Caps 903,Accessories,Caps,Godrej,2019-11-11,62,15,Active
P0421,Wipro Cameras 651,Electronics,Cameras,Wipro,2023-12-21,53,22,Active
P0422,Generic Staplers 626,Office Supplies,Staplers,Generic,2020-12-31,183,8,Active
P0423,Samsung Cabinets 229,Furniture,Cabinets,Samsung,2021-02-09,189,10,Active
P0424,VIP Desks 879,Furniture,Desks,VIP,2021-08-12,183,27,Active
P0425,Generic Refrigerators 484,Home Appliances,Refrigerators,Generic,2021-01-05,125,6,Active
P0426,Bosch Headphones 998,Electronics,Headphones,Bosch,2021-02-13,104,31,Active
P0427,Generic Washing Machines 967,Home Appliances,Washing Machines,Generic,2018-01-11,197,7,Active
P0428,Fastrack Mixers 914,Home Appliances,Mixers,Fastrack,2022-01-07,146,27,Active
P0429,Dell Cabinets 948,Furniture,Cabinets,Dell,2023-07-20,82,23,Active
P0430,HP Sunglasses 907,Accessories,Sunglasses,HP,2024-05-07,97,45,Active
P0431,LG Laptops 978,Electronics,Laptops,LG,2023-02-26,50,30,Discontinued
P0432,Godrej Microwaves 235,Home Appliances,Microwaves,Godrej,2020-04-08,176,21,Active
P0433,LG Shelves 480,Furniture,Shelves,LG,2022-01-16,180,43,Active
P0434,Godrej Office Chairs 873,Furniture,Office Chairs,Godrej,2021-06-05,69,29,Active
P0435,LG Printers 179,Electronics,Printers,LG,2018-01-05,43,39,Active
P0436,Fastrack Tables 812,Furniture,Tables,Fastrack,2022-12-28,97,9,Discontinued
P0437,HP Mixers 492,Home Appliances,Mixers,HP,2023-05-11,32,8,Discontinued
P0438,Wipro Tablets 892,Electronics,Tablets,Wipro,2021-05-10,44,43,Active
P0439,Bosch Office Chairs 765,Furniture,Office Chairs,Bosch,2024-04-26,52,30,Discontinued
P0440,Dell Markers 730,Office Supplies,Markers,Dell,2019-09-13,185,30,Active
P0441,LG Office Chairs 703,Furniture,Office Chairs,LG,2019-07-28,196,26,Active
P0442,Wipro Paper 760,Office Supplies,Paper,Wipro,2019-07-27,31,17,Active
P0443,Generic Sunglasses 807,Accessories,Sunglasses,Generic,2021-03-13,16,44,Active
P0444,Bosch Notebooks 501,Office Supplies,Notebooks,Bosch,2023-09-19,85,43,Active
P0445,Prestige Monitors 215,Electronics,Monitors,Prestige,2020-09-07,71,33,Active
P0446,Bosch Bags 424,Accessories,Bags,Bosch,2018-02-19,43,26,Active
P0447,Wipro Watches 881,Accessories,Watches,Wipro,2024-02-16,130,6,Active
P0448,LG Cameras 140,Electronics,Cameras,LG,2018-02-26,25,27,Active
P0449,Fastrack Belts 533,Accessories,Belts,Fastrack,2023-08-15,189,27,Active
P0450,Bosch Printers 384,Electronics,Printers,Bosch,2024-01-12,31,21,Active
P0451,Dell Cameras 500,Electronics,Cameras,Dell,2019-09-29,160,42,Active
P0452,VIP Tablets 966,Electronics,Tablets,VIP,2022-11-27,71,5,Active
P0453,Godrej Office Chairs 723,Furniture,Office Chairs,Godrej,2019-04-21,24,21,Active
P0454,Samsung Office Chairs 267,Furniture,Office Chairs,Samsung,2019-07-17,137,24,Active
P0455,Prestige Sunglasses 229,Accessories,Sunglasses,Prestige,2020-11-27,78,9,Active
P0456,Prestige Tablets 165,Electronics,Tablets,Prestige,2022-10-25,77,38,Active
P0457,Philips Headphones 611,Electronics,Headphones,Philips,2023-09-24,155,12,Active
P0458,Sony Notebooks 790,Office Supplies,Notebooks,Sony,2019-02-26,195,9,Active
P0459,Bosch Sofas 983,Furniture,Sofas,Bosch,2018-01-11,13,17,Discontinued
P0460,Wipro Headphones 283,Electronics,Headphones,Wipro,2022-04-18,19,37,Active
P0461,Wipro Refrigerators 837,Home Appliances,Refrigerators,Wipro,2020-10-13,91,19,Active
P0462,Wipro Cameras 153,Electronics,Cameras,Wipro,2019-05-05,55,16,Active
P0463,Godrej Bags 986,Accessories,Bags,Godrej,2018-10-10,82,21,Active
P0464,Bosch Pens 305,Office Supplies,Pens,Bosch,2023-02-14,84,38,Discontinued
P0465,Generic Markers 705,Office Supplies,Markers,Generic,2020-09-20,136,14,Active
P0466,HP Wallets 124,Accessories,Wallets,HP,2018-01-27,69,36,Active
P0467,VIP Markers 101,Office Supplies,Markers,VIP,2018-02-09,178,26,Active
P0468,Dell Pens 529,Office Supplies,Pens,Dell,2023-12-11,135,5,Active
P0469,Sony Sofas 337,Furniture,Sofas,Sony,2019-01-17,143,28,Discontinued
P0470,VIP Paper 617,Office Supplies,Paper,VIP,2018-12-14,44,42,Active
P0471,Generic Microwaves 778,Home Appliances,Microwaves,Generic,2024-05-14,43,17,Discontinued
P0472,Wipro Staplers 853,Office Supplies,Staplers,Wipro,2022-05-29,93,22,Active
P0473,Dell Washing Machines 239,Home Appliances,Washing Machines,Dell,2018-11-02,159,8,Active
P0474,HP Office Chairs 516,Furniture,Office Chairs,HP,2023-01-16,40,36,Active
P0475,Dell Scissors 371,Office Supplies,Scissors,Dell,2023-01-26,40,7,Active
P0476,Sony Sofas 977,Furniture,Sofas,Sony,2018-06-15,93,11,Active
P0477,Dell Printers 150,Electronics,Printers,Dell,2021-12-28,183,21,Active
P0478,HP Scissors 975,Office Supplies,Scissors,HP,2018-05-08,125,37,Active
P0479,LG Wallets 912,Accessories,Wallets,LG,2023-03-08,45,9,Active
P0480,Prestige Laptops 943,Electronics,Laptops,Prestige,2020-06-29,112,25,Active
P0481,Generic Cameras 176,Electronics,Cameras,Generic,2020-11-26,15,6,Active
P0482,Philips Sofas 967,Furniture,Sofas,Philips,2019-06-12,94,9,Active
P0483,Samsung Headphones 543,Electronics,Headphones,Samsung,2019-11-20,195,27,Active
P0484,Godrej Microwaves 319,Home Appliances,Microwaves,Godrej,2022-10-14,57,19,Active
P0485,HP Paper 731,Office Supplies,Paper,HP,2018-05-22,72,43,Active
P0486,Godrej Paper 189,Office Supplies,Paper,Godrej,2024-03-05,81,26,Active
P0487,Dell Cabinets 921,Furniture,Cabinets,Dell,2023-11-24,149,3,Active
P0488,Wipro Mixers 596,Home Appliances,Mixers,Wipro,2023-05-19,98,38,Active
P0489,Godrej Belts 426,Accessories,Belts,Godrej,2021-01-12,162,16,Active
P0490,Prestige Monitors 583,Electronics,Monitors,Prestige,2021-02-24,145,24,Discontinued
P0491,HP Wallets 346,Accessories,Wallets,HP,2019-02-15,78,36,Active
P0492,Dell Monitors 959,Electronics,Monitors,Dell,2022-05-10,54,13,Active
P0493,Wipro Tables 128,Furniture,Tables,Wipro,2022-01-09,190,24,Active
P0494,HP Sunglasses 956,Accessories,Sunglasses,HP,2024-04-25,136,36,Active
P0495,Philips Notebooks 338,Office Supplies,Notebooks,Philips,2018-06-05,164,16,Active
P0496,Philips Cameras 728,Electronics,Cameras,Philips,2018-01-03,61,10,Active
P0497,HP Markers 251,Office Supplies,Markers,HP,2021-08-18,160,11,Discontinued
P0498,Bosch Monitors 482,Electronics,Monitors,Bosch,2022-02-03,190,44,Active
P0499,LG Fans 239,Home Appliances,Fans,LG,2021-10-10,50,29,Active
P0500,Wipro Mixers 675,Home Appliances,Mixers,Wipro,2019-12-15,187,41,Active
